feature,importance
num__pluto_bldg_footprint,1468.2
num__acris_days_since_last_deed,1199.2
num__pluto_builtfar,1075.0
num__acris_last_deed_amt,1054.0
num__subway_cbd_dist_km,982.8
num__pluto_latitude,981.4
num__comp_median_price,885.8
num__borough_yoy_growth,843.8
num__pluto_longitude,832.6
num__acris_last_mtge_amt,822.0
num__nbhd_median_l365,796.2
num__comp_median_ppsqft,766.6
num__dof_assess_per_unit,763.0
num__subway_dist_km,760.0
num__comp_search_dist_km,757.6
num__subway_k3_mean_dist_km,736.6
num__nbhd_yoy_growth,728.6
num__comp_recency_days,654.8
num__neighborhood_median_price,576.0
num__prior_mortgage_ratio,516.2
num__pluto_numfloors,512.6
num__acris_mortgage_cnt,430.8
num__dof_curactland,394.2
num__acris_prior_sale_cnt,345.2
num__dof_gross_sqft,323.6
num__dof_curmkttot,256.2
num__property_age,245.4
num__dof_curacttot,162.0
num__comp_count,116.6
num__dof_yrbuilt,100.2
cat__pluto_bldgclass_S2,93.4
num__pluto_bldgarea,84.6
num__dof_units,61.8
cat__pluto_bldgclass_B2,57.6
num__subway_hub_flag,52.2
cat__pluto_bldgclass_B9,52.0
cat__pluto_bldgclass_B3,52.0
num__pluto_lotarea,48.0
cat__pluto_bldgclass_B1,36.6
cat__neighborhood_MIDWOOD,34.4
cat__borough_name_Queens,33.8
cat__neighborhood_OCEAN PARKWAY-SOUTH,32.2
cat__borough_name_Brooklyn,25.2
cat__dof_bldg_class_B2,25.2
cat__neighborhood_CROWN HEIGHTS,24.4
cat__neighborhood_FLATBUSH-CENTRAL,20.6
cat__pluto_bldgclass_C1,19.8
cat__neighborhood_Other_Manhattan,18.2
cat__neighborhood_MARINE PARK,18.0
cat__neighborhood_EAST ELMHURST,15.8
cat__neighborhood_BUSHWICK,15.6
cat__neighborhood_CLINTON HILL,15.0
cat__neighborhood_EAST NEW YORK,14.8
cat__neighborhood_SO. JAMAICA-BAISLEY PARK,14.4
cat__neighborhood_FLATBUSH-NORTH,13.8
cat__neighborhood_KINGSBRIDGE HTS/UNIV HTS,13.6
cat__neighborhood_JACKSON HEIGHTS,13.2
cat__neighborhood_WILLIAMSBURG-CENTRAL,13.0
cat__neighborhood_HOWARD BEACH,12.6
cat__dof_bldg_class_S2,12.2
cat__dof_bldg_class_B3,11.4
cat__neighborhood_ARVERNE,11.0
cat__borough_name_Staten Island,11.0
cat__borough_name_Bronx,10.4
num__dof_bld_story,10.2
cat__neighborhood_SUNNYSIDE,10.0
cat__neighborhood_FLATBUSH-LEFFERTS GARDEN,10.0
cat__neighborhood_WILLOWBROOK,9.8
cat__neighborhood_BEDFORD STUYVESANT,9.4
cat__dof_bldg_class_B1,8.8
cat__neighborhood_EAST TREMONT,8.0
cat__neighborhood_HIGHBRIDGE/MORRIS HEIGHTS,8.0
cat__neighborhood_BOROUGH PARK,7.8
cat__neighborhood_PARK SLOPE SOUTH,7.8
cat__neighborhood_BROWNSVILLE,7.8
cat__neighborhood_SPRINGFIELD GARDENS,7.6
cat__neighborhood_OCEAN HILL,7.4
cat__neighborhood_JAMAICA HILLS,6.8
cat__neighborhood_NEW DORP-HEIGHTS,6.8
cat__neighborhood_MELROSE/CONCOURSE,6.6
cat__neighborhood_SHEEPSHEAD BAY,6.2
cat__neighborhood_OCEAN PARKWAY-NORTH,6.2
cat__neighborhood_OZONE PARK,6.0
cat__neighborhood_HOLLIS,5.8
cat__neighborhood_DYKER HEIGHTS,5.4
cat__neighborhood_FLUSHING-NORTH,5.2
cat__neighborhood_FLATBUSH-EAST,4.8
cat__neighborhood_WESTCHESTER,4.8
cat__neighborhood_MORRISANIA/LONGWOOD,4.8
cat__neighborhood_QUEENS VILLAGE,4.8
cat__neighborhood_GLENDALE,4.6
cat__neighborhood_WILLIAMSBRIDGE,4.4
cat__neighborhood_BATH BEACH,4.4
cat__neighborhood_PLEASANT PLAINS,4.0
cat__neighborhood_Other_Staten Island,3.8
cat__neighborhood_JAMAICA,3.6
cat__neighborhood_WHITESTONE,3.6
cat__neighborhood_BRONXDALE,3.4
cat__neighborhood_ELMHURST,3.2
cat__neighborhood_BEDFORD PARK/NORWOOD,3.2
cat__neighborhood_SOUNDVIEW,3.2
cat__neighborhood_WILLIAMSBURG-EAST,3.2
cat__neighborhood_CORONA,3.0
cat__neighborhood_SOUTH JAMAICA,3.0
cat__neighborhood_WOODSIDE,3.0
cat__neighborhood_MORRIS PARK/VAN NEST,2.8
cat__pluto_bldgclass_D3,2.8
cat__dof_bldg_class_B9,2.8
cat__neighborhood_WOODROW,2.6
cat__borough_name_Manhattan,2.6
cat__neighborhood_ROSEDALE,2.4
cat__neighborhood_CASTLETON CORNERS,2.4
cat__neighborhood_SUNSET PARK,2.4
cat__neighborhood_PELHAM PARKWAY NORTH,2.4
cat__neighborhood_ASTORIA,2.4
cat__neighborhood_NEW DORP,2.2
cat__neighborhood_BELLEROSE,2.2
cat__neighborhood_BAY RIDGE,2.2
cat__neighborhood_MIDDLE VILLAGE,2.0
cat__neighborhood_PARK SLOPE,1.8
cat__neighborhood_ST. ALBANS,1.8
cat__pluto_bldgclass_V1,1.8
cat__neighborhood_CONCORD,1.6
cat__neighborhood_FORT GREENE,1.6
cat__neighborhood_BENSONHURST,1.6
cat__neighborhood_CYPRESS HILLS,1.6
cat__neighborhood_BOERUM HILL,1.4
cat__neighborhood_SEAGATE,1.2
cat__neighborhood_SOUTH OZONE PARK,1.2
cat__neighborhood_RIVERDALE,1.2
cat__neighborhood_LAURELTON,1.2
cat__neighborhood_FLATLANDS,1.0
cat__neighborhood_MASPETH,1.0
cat__neighborhood_Other_Queens,1.0
cat__neighborhood_BATHGATE,1.0
cat__neighborhood_CASTLE HILL/UNIONPORT,1.0
cat__neighborhood_GRAVESEND,1.0
cat__pluto_bldgclass_V0,1.0
cat__neighborhood_BRIGHTON BEACH,1.0
cat__neighborhood_FOREST HILLS,1.0
cat__neighborhood_KENSINGTON,0.8
cat__neighborhood_PRINCES BAY,0.8
cat__neighborhood_BAYSIDE,0.8
cat__neighborhood_RICHMOND HILL,0.8
cat__neighborhood_BAYCHESTER,0.6
cat__neighborhood_ELTINGVILLE,0.6
cat__neighborhood_NEW BRIGHTON,0.6
cat__neighborhood_ROSEBANK,0.6
cat__neighborhood_RIDGEWOOD,0.6
cat__neighborhood_ARDEN HEIGHTS,0.6
cat__neighborhood_LONG ISLAND CITY,0.4
cat__neighborhood_FAR ROCKAWAY,0.4
cat__neighborhood_OLD MILL BASIN,0.4
cat__neighborhood_CANARSIE,0.4
cat__neighborhood_HAMMELS,0.4
cat__neighborhood_NEW SPRINGVILLE,0.4
cat__neighborhood_BELMONT,0.4
cat__neighborhood_WINDSOR TERRACE,0.4
cat__neighborhood_SOUTH BEACH,0.2
cat__neighborhood_COUNTRY CLUB,0.2
cat__neighborhood_ROSSVILLE-CHARLESTON,0.2
cat__pluto_bldgclass_A5,0.2
cat__neighborhood_COLLEGE POINT,0.2
cat__neighborhood_THROGS NECK,0.2
cat__neighborhood_GERRITSEN BEACH,0.2
cat__neighborhood_DONGAN HILLS,0.2
cat__neighborhood_WAKEFIELD,0.2
cat__neighborhood_GRANT CITY,0.2
cat__neighborhood_HUNTS POINT,0.2
cat__neighborhood_FLUSHING-SOUTH,0.2
cat__pluto_bldgclass_D1,0.2
cat__neighborhood_WEST NEW BRIGHTON,0.2
cat__neighborhood_MADISON,0.2
cat__neighborhood_MOUNT HOPE/MOUNT EDEN,0.2
cat__neighborhood_TOTTENVILLE,0.2
cat__dof_bldg_class_S3,0.0
cat__dof_bldg_class_V1,0.0
cat__dof_bldg_class_S9,0.0
cat__dof_bldg_class_U1,0.0
cat__dof_bldg_class_U6,0.0
cat__dof_bldg_class_G7,0.0
cat__dof_bldg_class_U7,0.0
cat__pluto_bldgclass_S9,0.0
cat__pluto_bldgclass_S5,0.0
cat__dof_bldg_class_V0,0.0
cat__pluto_bldgclass_W2,0.0
cat__dof_bldg_class_O8,0.0
cat__dof_bldg_class_Z7,0.0
cat__dof_bldg_class_U9,0.0
cat__dof_bldg_class_K2,0.0
cat__dof_bldg_class_O1,0.0
cat__dof_bldg_class_O7,0.0
cat__dof_bldg_class_Z0,0.0
cat__pluto_bldgclass_O5,0.0
cat__pluto_bldgclass_S4,0.0
cat__dof_tax_class_1,0.0
cat__pluto_bldgclass_K4,0.0
cat__pluto_bldgclass_E2,0.0
cat__pluto_bldgclass_G0,0.0
cat__pluto_bldgclass_G7,0.0
cat__pluto_bldgclass_GU,0.0
cat__pluto_bldgclass_I7,0.0
cat__pluto_bldgclass_I9,0.0
cat__pluto_bldgclass_K1,0.0
cat__pluto_bldgclass_K2,0.0
cat__pluto_bldgclass_S1,0.0
cat__dof_bldg_class_C4,0.0
cat__pluto_bldgclass_O8,0.0
cat__pluto_bldgclass_O7,0.0
cat__pluto_bldgclass_K7,0.0
cat__pluto_bldgclass_O6,0.0
cat__pluto_bldgclass_M1,0.0
cat__pluto_bldgclass_M9,0.0
cat__pluto_bldgclass_N2,0.0
cat__pluto_bldgclass_O2,0.0
cat__pluto_bldgclass_E1,0.0
cat__pluto_bldgclass_DB,0.0
cat__dof_tax_class_1B,0.0
cat__pluto_bldgclass_A7,0.0
cat__dof_tax_class_2A,0.0
cat__dof_tax_class_3,0.0
cat__dof_tax_class_4,0.0
cat__pluto_bldgclass_A0,0.0
cat__pluto_bldgclass_A1,0.0
cat__pluto_bldgclass_A2,0.0
cat__pluto_bldgclass_A3,0.0
cat__pluto_bldgclass_A4,0.0
cat__pluto_bldgclass_A9,0.0
cat__pluto_bldgclass_D8,0.0
cat__pluto_bldgclass_C0,0.0
cat__pluto_bldgclass_C2,0.0
cat__pluto_bldgclass_C3,0.0
cat__pluto_bldgclass_C5,0.0
cat__pluto_bldgclass_C7,0.0
cat__pluto_bldgclass_D6,0.0
cat__pluto_bldgclass_D7,0.0
cat__pluto_bldgclass_S3,0.0
cat__dof_bldg_class_G0,0.0
cat__neighborhood_OAKWOOD-BEACH,0.0
cat__dof_bldg_class_C3,0.0
cat__neighborhood_GRYMES HILL,0.0
cat__neighborhood_FRESH MEADOWS,0.0
cat__neighborhood_GOWANUS,0.0
cat__neighborhood_GRASMERE,0.0
cat__neighborhood_GREAT KILLS,0.0
cat__neighborhood_GREAT KILLS-BAY TERRACE,0.0
cat__neighborhood_GREENPOINT,0.0
cat__neighborhood_GREENWICH VILLAGE-WEST,0.0
cat__neighborhood_HARLEM-CENTRAL,0.0
cat__dof_bldg_class_C2,0.0
cat__neighborhood_HUGUENOT,0.0
cat__neighborhood_KEW GARDENS,0.0
cat__neighborhood_KINGSBRIDGE/JEROME PARK,0.0
cat__neighborhood_LITTLE NECK,0.0
cat__neighborhood_LIVINGSTON,0.0
cat__neighborhood_MANHATTAN BEACH,0.0
cat__neighborhood_MANOR HEIGHTS,0.0
cat__neighborhood_FORDHAM,0.0
cat__neighborhood_DOUGLASTON,0.0
cat__neighborhood_CROTONA PARK,0.0
cat__neighborhood_COBBLE HILL,0.0
num__j51_active_flag,0.0
num__j51_last_abate_amt,0.0
num__j51_total_abatement,0.0
num__far,0.0
cat__neighborhood_ANNADALE,0.0
cat__neighborhood_BELLE HARBOR,0.0
cat__neighborhood_BERGEN BEACH,0.0
cat__neighborhood_BRIARWOOD,0.0
cat__neighborhood_BROOKLYN HEIGHTS,0.0
cat__neighborhood_BULLS HEAD,0.0
cat__neighborhood_BUSH TERMINAL,0.0
cat__neighborhood_CAMBRIA HEIGHTS,0.0
cat__neighborhood_CARROLL GARDENS,0.0
cat__neighborhood_CITY ISLAND,0.0
cat__neighborhood_CLOVE LAKES,0.0
cat__neighborhood_MARINERS HARBOR,0.0
cat__neighborhood_MIDLAND BEACH,0.0
cat__neighborhood_MILL BASIN,0.0
cat__neighborhood_SILVER LAKE,0.0
cat__neighborhood_STAPLETON,0.0
cat__neighborhood_TOMPKINSVILLE,0.0
cat__neighborhood_TRAVIS,0.0
cat__neighborhood_WESTERLEIGH,0.0
cat__neighborhood_WILLIAMSBURG-NORTH,0.0
cat__neighborhood_WILLIAMSBURG-SOUTH,0.0
cat__neighborhood_WOODHAVEN,0.0
cat__neighborhood_WOODLAWN,0.0
cat__neighborhood_WYCKOFF HEIGHTS,0.0
cat__dof_bldg_class_A0,0.0
cat__dof_bldg_class_A1,0.0
cat__dof_bldg_class_A2,0.0
cat__dof_bldg_class_A5,0.0
cat__dof_bldg_class_A9,0.0
cat__dof_bldg_class_C0,0.0
cat__neighborhood_SPRING CREEK,0.0
cat__neighborhood_SCHUYLERVILLE/PELHAM BAY,0.0
cat__neighborhood_MOTT HAVEN/PORT MORRIS,0.0
cat__neighborhood_ROSSVILLE-RICHMOND VALLEY,0.0
cat__neighborhood_NEW DORP-BEACH,0.0
cat__neighborhood_OAKLAND GARDENS,0.0
cat__neighborhood_OAKWOOD,0.0
cat__neighborhood_Other_Bronx,0.0
cat__neighborhood_Other_Brooklyn,0.0
cat__neighborhood_PARKCHESTER,0.0
cat__neighborhood_PELHAM GARDENS,0.0
cat__neighborhood_PELHAM PARKWAY SOUTH,0.0
cat__neighborhood_PORT IVORY,0.0
cat__neighborhood_PORT RICHMOND,0.0
cat__neighborhood_PROSPECT HEIGHTS,0.0
cat__neighborhood_RED HOOK,0.0
cat__neighborhood_REGO PARK,0.0
cat__neighborhood_ROCKAWAY PARK,0.0
cat__neighborhood_ROSSVILLE,0.0
cat__pluto_bldgclass_W3,0.0
